id,name,registration_date,country,date_of_birthday,phone,e_mail
1,Name1,2024-01-01,Country,1956-01-01,1234567890,email@example.com
2,Name2,2024-01-01,Country,1980-01-01,1234567890,email@example.com
3,Name3,2024-01-01,Country,2009-01-01,1234567890,email@example.com
4,Name4,2024-01-01,Country,2010-01-01,1234567890,email@example.com
5,Name5,2024-01-01,Country,2000-01-01,1234567890,email@example.com
6,Name6,2024-01-01,Country,1970-01-01,1234567890,email@example.com
7,Name7,2024-01-01,Country,1969-01-01,1234567890,email@example.com
8,Name8,2024-01-01,Country,1974-01-01,1234567890,email@example.com
9,Name9,2024-01-01,Country,2001-01-01,1234567890,email@example.com
10,Name10,2024-01-01,Country,1996-01-01,1234567890,email@example.com
11,Name11,2024-01-01,Country,2002-01-01,1234567890,email@example.com
12,Name12,2024-01-01,Country,1993-01-01,1234567890,email@example.com
13,Name13,2024-01-01,Country,1985-01-01,1234567890,email@example.com
14,Name14,2024-01-01,Country,1990-01-01,1234567890,email@example.com
15,Name15,2024-01-01,Country,1998-01-01,1234567890,email@example.com
16,Name16,2024-01-01,Country,1972-01-01,1234567890,email@example.com
17,Name17,2024-01-01,Country,1987-01-01,1234567890,email@example.com
18,Name18,2024-01-01,Country,1965-01-01,1234567890,email@example.com
19,Name19,2024-01-01,Country,2005-01-01,1234567890,email@example.com
20,Name20,2024-01-01,Country,1994-01-01,1234567890,email@example.com
21,Name21,2024-01-01,Country,1982-01-01,1234567890,email@example.com
22,Name22,2024-01-01,Country,2003-01-01,1234567890,email@example.com
23,Name23,2024-01-01,Country,1977-01-01,1234567890,email@example.com
24,Name24,2024-01-01,Country,1961-01-01,1234567890,email@example.com
25,Name25,2024-01-01,Country,1999-01-01,1234567890,email@example.com
26,Name26,2024-01-01,Country,1973-01-01,1234567890,email@example.com
27,Name27,2024-01-01,Country,1984-01-01,1234567890,email@example.com
28,Name28,2024-01-01,Country,2007-01-01,1234567890,email@example.com
29,Name29,2024-01-01,Country,1986-01-01,1234567890,email@example.com
30,Name30,2024-01-01,Country,1957-01-01,1234567890,email@example.com
31,Name31,2024-01-01,Country,1991-01-01,1234567890,email@example.com
32,Name32,2024-01-01,Country,1968-01-01,1234567890,email@example.com
33,Name33,2024-01-01,Country,1975-01-01,1234567890,email@example.com
34,Name34,2024-01-01,Country,1988-01-01,1234567890,email@example.com
35,Name35,2024-01-01,Country,1959-01-01,1234567890,email@example.com
36,Name36,2024-01-01,Country,1967-01-01,1234567890,email@example.com
37,Name37,2024-01-01,Country,1971-01-01,1234567890,email@example.com
38,Name38,2024-01-01,Country,1997-01-01,1234567890,email@example.com
39,Name39,2024-01-01,Country,1963-01-01,1234567890,email@example.com
40,Name40,2024-01-01,Country,1983-01-01,1234567890,email@example.com
41,Name41,2024-01-01,Country,2004-01-01,1234567890,email@example.com
42,Name42,2024-01-01,Country,1958-01-01,1234567890,email@example.com
43,Name43,2024-01-01,Country,2000-01-01,1234567890,email@example.com
44,Name44,2024-01-01,Country,1976-01-01,1234567890,email@example.com
45,Name45,2024-01-01,Country,1964-01-01,1234567890,email@example.com
46,Name46,2024-01-01,Country,1992-01-01,1234567890,email@example.com
47,Name47,2024-01-01,Country,1980-01-01,1234567890,email@example.com
48,Name48,2024-01-01,Country,2006-01-01,1234567890,email@example.com
49,Name49,2024-01-01,Country,1995-01-01,1234567890,email@example.com
50,Name50,2024-01-01,Country,1955-01-01,1234567890,email@example.com
51,Name51,2024-01-01,Country,1981-01-01,1234567890,email@example.com
52,Name52,2024-01-01,Country,1962-01-01,1234567890,email@example.com
53,Name53,2024-01-01,Country,1993-01-01,1234567890,email@example.com
54,Name54,2024-01-01,Country,1979-01-01,1234567890,email@example.com
55,Name55,2024-01-01,Country,2009-01-01,1234567890,email@example.com
56,Name56,2024-01-01,Country,1989-01-01,1234567890,email@example.com
57,Name57,2024-01-01,Country,1978-01-01,1234567890,email@example.com
58,Name58,2024-01-01,Country,1994-01-01,1234567890,email@example.com
59,Name59,2024-01-01,Country,1970-01-01,1234567890,email@example.com
60,Name60,2024-01-01,Country,1987-01-01,1234567890,email@example.com
61,Name61,2024-01-01,Country,1956-01-01,1234567890,email@example.com
62,Name62,2024-01-01,Country,1965-01-01,1234567890,email@example.com
63,Name63,2024-01-01,Country,2001-01-01,1234567890,email@example.com
64,Name64,2024-01-01,Country,1984-01-01,1234567890,email@example.com
65,Name65,2024-01-01,Country,1969-01-01,1234567890,email@example.com
66,Name66,2024-01-01,Country,1990-01-01,1234567890,email@example.com
67,Name67,2024-01-01,Country,2003-01-01,1234567890,email@example.com
68,Name68,2024-01-01,Country,1974-01-01,1234567890,email@example.com
69,Name69,2024-01-01,Country,1960-01-01,1234567890,email@example.com
70,Name70,2024-01-01,Country,1998-01-01,1234567890,email@example.com
71,Name71,2024-01-01,Country,1972-01-01,1234567890,email@example.com
72,Name72,2024-01-01,Country,1986-01-01,1234567890,email@example.com
73,Name73,2024-01-01,Country,1957-01-01,1234567890,email@example.com
74,Name74,2024-01-01,Country,1996-01-01,1234567890,email@example.com
75,Name75,2024-01-01,Country,1966-01-01,1234567890,email@example.com
76,Name76,2024-01-01,Country,1985-01-01,1234567890,email@example.com
77,Name77,2024-01-01,Country,1992-01-01,1234567890,email@example.com
78,Name78,2024-01-01,Country,1961-01-01,1234567890,email@example.com
79,Name79,2024-01-01,Country,1999-01-01,1234567890,email@example.com
80,Name80,2024-01-01,Country,1977-01-01,1234567890,email@example.com
81,Name81,2024-01-01,Country,2004-01-01,1234567890,email@example.com
82,Name82,2024-01-01,Country,1983-01-01,1234567890,email@example.com
83,Name83,2024-01-01,Country,1959-01-01,1234567890,email@example.com
84,Name84,2024-01-01,Country,1975-01-01,1234567890,email@example.com
85,Name85,2024-01-01,Country,1991-01-01,1234567890,email@example.com
86,Name86,2024-01-01,Country,2002-01-01,1234567890,email@example.com
87,Name87,2024-01-01,Country,1976-01-01,1234567890,email@example.com
88,Name88,2024-01-01,Country,1988-01-01,1234567890,email@example.com
89,Name89,2024-01-01,Country,1968-01-01,1234567890,email@example.com
90,Name90,2024-01-01,Country,2005-01-01,1234567890,email@example.com